continent, population density 
Europe,140.158490332
Oceania,5.19068393648
Africa,42.7031997726
Asia,120.66693677
North America,24.9606993734
South America,26.1167159364
